<?xml version="1.0"?>
<AUTORIZACION>
<CAF version="1.0">
<DA>
<RE>76040308-3</RE>
<RS>ESTEBAN GABRIEL GUENUL  ALMONACID SERVIC</RS>
<TD>33</TD>
<RNG><D>598</D><H>598</H></RNG>
<FA>2018-04-13</FA>
<RSAPK><M>qatquui+ddLQd9+WOVTj3xuGLQC2Qt7NtpwbDOhvqDlllm3snVFe6AuUEAZO1sSymNJ54HEshM6esX4BMHqYSw==</M><E>Aw==</E></RSAPK>
<IDK>100</IDK>
</DA>
<FRMA algoritmo="SHA1withRSA">YJQ+LnlvTIXfGPtcMJ3EVniyf1932uFXg4hYybKAC/wHIY6Pkj49LnxLCrQnb8yO4T9n/4dwcC4AIhnaieGifQ==</FRMA>
</CAF>
<RSASK>-----BEGIN RSA PRIVATE KEY-----
MIIBOgIBAAJBAKmrarrovnXS0HffljlU498bhi0AtkLezbacGwzob6g5ZZZt7J1R
XugLlBAGTtbEspjSeeBxLITOnrF+ATB6mEsCAQMCQHEc8dHwfvk3NaU/uXuN7T9n
rsirJCyUiSRoEgia9RrP2IIVHu2iSFLdH8B74NnaZ5rO33nTsTIb6WMFHPc6mosC
IQDRE1FTT4GXAHmnBM0a04j/kTACQHJZwjTl67eEhmr3qQIhAM+//OrpXFtrRj1q
f2K8dBefbChpQUj3b9qxPtE3N7jTAiEAi2I2N4pWZKr7xK3eEeJbVQt1VtWhkSwj
Q/J6WFmcpRsCIQCKf/3x8Og88i7TnFTsfaK6akga8NYwpPU8dingz3p7NwIhAMpa
OVl3MUmyKRFlb7f31nh+W0t+TRGRu9sx5OyWzMHv
-----END RSA PRIVATE KEY-----
</RSASK>

<RSAPUBK>-----BEGIN PUBLIC KEY-----
MFowDQYJKoZIhvcNAQEBBQADSQAwRgJBAKmrarrovnXS0HffljlU498bhi0AtkLe
zbacGwzob6g5ZZZt7J1RXugLlBAGTtbEspjSeeBxLITOnrF+ATB6mEsCAQM=
-----END PUBLIC KEY-----
</RSAPUBK>
</AUTORIZACION>
