<?xml version="1.0"?>
<AUTORIZACION>
<CAF version="1.0">
<DA>
<RE>76040308-3</RE>
<RS>ESTEBAN GABRIEL GUENUL  ALMONACID SERVIC</RS>
<TD>39</TD>
<RNG><D>1</D><H>1000</H></RNG>
<FA>2018-05-18</FA>
<RSAPK><M>tkRTwez2Efhf34Jl54Qym6gaBIZN21ZJy9X8o4OULhU6OnJq8ZeV2kunQaR1msR46mn3OkqTqffEnECs8Yr7hQ==</M><E>Aw==</E></RSAPK>
<IDK>100</IDK>
</DA>
<FRMA algoritmo="SHA1withRSA">fWVf+tgmdPj7xc/IPqSRSQbW22Yz/9EMmjjByQSIJbg0XIg21Rvq7puF+xVanx/wD4XblxLUzpGNLQ1OxQL4JA==</FRMA>
</CAF>
<RSASK>-----BEGIN RSA PRIVATE KEY-----
MIIBOgIBAAJBALZEU8Hs9hH4X9+CZeeEMpuoGgSGTdtWScvV/KODlC4VOjpyavGX
ldpLp0GkdZrEeOpp9zpKk6n3xJxArPGK+4UCAQMCQHmC4oFIpAv66pUBmUUCzGfF
Zq2u3pI5hofj/cJXuB63sUCU2zijiUCEQo/t+Jbz1qziuakZMnDt7pkoBnCV2fMC
IQDgnim8oRqEn6vEKyZMFue55HkKQZrqaWWFgBCilcbR8wIhAM+7aWV7h8NZ2X8+
mTShbv0CnNZ7Cd2XLVk2dACy42KnAiEAlb7GfcC8WGpygsdu3WSae+2mBtZnRvDu
WQALFw6Ei/cCIQCKfPDuUlqCO+ZU1GYjFkn+Ab3kUgaTuh47eaKrIezsbwIhAJ87
vgJY+uS3c/4D+qoS4XDsoSupJAfnoIxw3y5LE8Zf
-----END RSA PRIVATE KEY-----
</RSASK>

<RSAPUBK>-----BEGIN PUBLIC KEY-----
MFowDQYJKoZIhvcNAQEBBQADSQAwRgJBALZEU8Hs9hH4X9+CZeeEMpuoGgSGTdtW
ScvV/KODlC4VOjpyavGXldpLp0GkdZrEeOpp9zpKk6n3xJxArPGK+4UCAQM=
-----END PUBLIC KEY-----
</RSAPUBK>
</AUTORIZACION>
