<?xml version="1.0"?>
<AUTORIZACION>
<CAF version="1.0">
<DA>
<RE>76040308-3</RE>
<RS>ESTEBAN GABRIEL GUENUL  ALMONACID SERVIC</RS>
<TD>61</TD>
<RNG><D>199</D><H>199</H></RNG>
<FA>2018-08-17</FA>
<RSAPK><M>3F2bo6jH8ZPKlvGoBQy2L8DUffcaU56i11cRZ82ae+JngUEF5HwSHtys3NfhOQI7aGakmq+aXQ/dIuUnVD9BLQ==</M><E>Aw==</E></RSAPK>
<IDK>100</IDK>
</DA>
<FRMA algoritmo="SHA1withRSA">bfE9Bj/FrXMCnwb8dPuwfwh/M20yCghd6U2dWs8YvDp2QRJ4oP6fJNVzqufO/nP6uwQ0KCmNZn/MStHIgK26xg==</FRMA>
</CAF>
<RSASK>-----BEGIN RSA PRIVATE KEY-----
MIIBOgIBAAJBANxdm6Oox/GTypbxqAUMti/A1H33GlOeotdXEWfNmnviZ4FBBeR8
Eh7crNzX4TkCO2hmpJqvml0P3SLlJ1Q/QS0CAQMCQQCS6RJtGy/2YocPS8VYsyQf
1eL+pLw3vxc6OguaiRGn6wfHoEiL4QfpWfUA1DjIWpKsXDU6A2yw44SijQQeFS8r
AiEA+76QDWWMX+3iW7YrARfd7X2P4E58yCjKIE2Y0Nb4ytECIQDgF0CLrR4mUvNh
pW6K9Jxx6Ex0dS2vKvB14XjQUCavnQIhAKfUYAjuXZVJQZJ5cgC6k/OpCpWJqIVw
hsAzuzXkpdyLAiEAlWTVsnNpbuH3lm5JsfhoS/Ay+E4edMdK+UD7NYrEdRMCIDSE
xh0IUR/0fii6s0FX+l6BizKK/1jr6c9EDOv6xQ0/
-----END RSA PRIVATE KEY-----
</RSASK>

<RSAPUBK>-----BEGIN PUBLIC KEY-----
MFowDQYJKoZIhvcNAQEBBQADSQAwRgJBANxdm6Oox/GTypbxqAUMti/A1H33GlOe
otdXEWfNmnviZ4FBBeR8Eh7crNzX4TkCO2hmpJqvml0P3SLlJ1Q/QS0CAQM=
-----END PUBLIC KEY-----
</RSAPUBK>
</AUTORIZACION>
