<?xml version="1.0"?>
<AUTORIZACION>
<CAF version="1.0">
<DA>
<RE>76040308-3</RE>
<RS>ESTEBAN GABRIEL GUENUL  ALMONACID SERVIC</RS>
<TD>33</TD>
<RNG><D>1</D><H>100</H></RNG>
<FA>2016-04-25</FA>
<RSAPK><M>nO1YJkMuf91vJG2rpUrtHXpYA9axbEwRqHrUKI3LeJbfe4+ZWQmibvczKY8HST+pSAhIv1HsJXiYg4Uu78chVw==</M><E>Aw==</E></RSAPK>
<IDK>100</IDK>
</DA>
<FRMA algoritmo="SHA1withRSA">Q07F+Isb91BiULua3pRey7S0HBoufCi0NVu6v3W+eRLyrvGZtnPGWePs8sbfo6HRU3/HIfePuF0Yp9VhLXWv8g==</FRMA>
</CAF>
<RSASK>-----BEGIN RSA PRIVATE KEY-----
MIIBOgIBAAJBAJztWCZDLn/dbyRtq6VK7R16WAPWsWxMEah61CiNy3iW33uPmVkJ
om73MymPB0k/qUgISL9R7CV4mIOFLu/HIVcCAQMCQGieOsQsyaqTn22ecm4x82j8
Oq05y52IC8WnOBsJMlBjibQYkbnE/awDUVV5WmIwqXybJRb2LVXOxLc8kjgzm3sC
IQDL+nTcqArEMBuwqQzFocMGogThxgapqdWPDSUJGtTugwIhAMTy9eIaV2G81oiA
TDoUM6RrGq9W2f567OJjhUqApMmdAiEAh/xN6HAHLXVnyxtd2RaCBGwDQS6vG8aO
X14YsLyN9FcCIQCDTKPsEY+WfeRbADLRYs0YR2cfjzv+/J3sQljcVcMxEwIhAMmY
WpUmpAnBwAhe7RYBnxxh/XlJusTHGlFoDX7ikooe
-----END RSA PRIVATE KEY-----
</RSASK>

<RSAPUBK>-----BEGIN PUBLIC KEY-----
MFowDQYJKoZIhvcNAQEBBQADSQAwRgJBAJztWCZDLn/dbyRtq6VK7R16WAPWsWxM
Eah61CiNy3iW33uPmVkJom73MymPB0k/qUgISL9R7CV4mIOFLu/HIVcCAQM=
-----END PUBLIC KEY-----
</RSAPUBK>
</AUTORIZACION>
