<?xml version="1.0"?>
<AUTORIZACION>
<CAF version="1.0">
<DA>
<RE>76462993-0</RE>
<RS>IMPORTADORA MP FRENOS LIMITADA</RS>
<TD>33</TD>
<RNG><D>1</D><H>60</H></RNG>
<FA>2018-02-01</FA>
<RSAPK><M>rD3g29u/l5zTYfBb1n6UfZAH+v+1xOQ/Uj4Uw1cXqMQje9r82wXMKvk0FlIK0gs3XQVOPQ+s7WZbj9WOl4RmDQ==</M><E>Aw==</E></RSAPK>
<IDK>100</IDK>
</DA>
<FRMA algoritmo="SHA1withRSA">yDbUxDbcgf1Ct3JftEEyx+TYS9MHMguXTaXa0dI+0peWls8BjQBwQuFW16oi58NkhwjLOicUiD527z+KBbUz3g==</FRMA>
</CAF>
<RSASK>-----BEGIN RSA PRIVATE KEY-----
MIIBOgIBAAJBAKw94Nvbv5ec02HwW9Z+lH2QB/r/tcTkP1I+FMNXF6jEI3va/NsF
zCr5NBZSCtILN10FTj0PrO1mW4/VjpeEZg0CAQMCQHLT6z09KmUTN5agPTmpuFO1
WqdVI9iYKjbUDdePZRssVLrkWegWRojZWyr3FvIws2sy2bdNlD7MCkCaY4JPMesC
IQDbkHNAfVVVZWTsptbD3wyF+Rbn9fzi18wistxkCWK72QIhAMjTETWBjwz4Tj6v
CKSHtaRDIh+0Hmu3aCl8EZVKqt9VAiEAkmBM1ajjjkOYncSPLT9drqYPRU6olzqI
FyHoQrDsfTsCIQCF4gt5AQoIpYl/H1sYWnkYLMFqeBRHz5rGUrZjhxyU4wIhANEu
Q1sx0uoBKa4kNb/kquJxgTud+NiwVPvtCLqsXo9S
-----END RSA PRIVATE KEY-----
</RSASK>

<RSAPUBK>-----BEGIN PUBLIC KEY-----
MFowDQYJKoZIhvcNAQEBBQADSQAwRgJBAKw94Nvbv5ec02HwW9Z+lH2QB/r/tcTk
P1I+FMNXF6jEI3va/NsFzCr5NBZSCtILN10FTj0PrO1mW4/VjpeEZg0CAQM=
-----END PUBLIC KEY-----
</RSAPUBK>
</AUTORIZACION>
