<?xml version="1.0"?>
<AUTORIZACION>
<CAF version="1.0">
<DA>
<RE>77050405-8</RE>
<RS>RECFIN SPA</RS>
<TD>61</TD>
<RNG><D>1</D><H>10</H></RNG>
<FA>2020-11-20</FA>
<RSAPK><M>x0AVuwzK1qwbjnYQGhRmLbfI5engjK9ovmMsRfI3LnORtu++2NlOrjkRpgCrMmsJYPOeRaCsaZ7r5taEfXexhw==</M><E>Aw==</E></RSAPK>
<IDK>100</IDK>
</DA>
<FRMA algoritmo="SHA1withRSA">leqhiQoNR6UdHP66FZEkehNiKBI6effgYx5/FFXjPRF+6U4oNJp0RDgFh0T7g1wfCJmxsneYBq48yYBUoEWAiQ==</FRMA>
</CAF>
<RSASK>-----BEGIN RSA PRIVATE KEY-----
MIIBOwIBAAJBAMdAFbsMytasG452EBoUZi23yOXp4IyvaL5jLEXyNy5zkbbvvtjZ
Tq45EaYAqzJrCWDznkWgrGme6+bWhH13sYcCAQMCQQCE1WPSCIc5yBJe+WARYu7J
JTCZRpWzH5spl3LZTCTJoTPWq6K/y/zxM4zQI16q5oGBHxiIPbEY2iZYTmrGdFVL
AiEA6ZqD1mS47MPmEyHoehpYI0fX3wh4ImJ8yND/QyeoFk8CIQDaWmp0VG5mgIWr
S+MjF7kj120acMwAYdrpkWGhLCEbSQIhAJu8V+RDJfMtRAzBRaa8OsIv5T9a+sGW
/ds1/4IacA7fAiEAkZGcTY2e7wBZHN1CF2UmF+TzZvXdVZaR8QuWa3LAvNsCIQDl
9L71KgMfyg3ScmKUy22IFnad0I8qznWw7R8qclhxiQ==
-----END RSA PRIVATE KEY-----
</RSASK>

<RSAPUBK>-----BEGIN PUBLIC KEY-----
MFowDQYJKoZIhvcNAQEBBQADSQAwRgJBAMdAFbsMytasG452EBoUZi23yOXp4Iyv
aL5jLEXyNy5zkbbvvtjZTq45EaYAqzJrCWDznkWgrGme6+bWhH13sYcCAQM=
-----END PUBLIC KEY-----
</RSAPUBK>
</AUTORIZACION>
