<?xml version="1.0"?>
<AUTORIZACION>
<CAF version="1.0">
<DA>
<RE>77050405-8</RE>
<RS>RECFIN SPA</RS>
<TD>34</TD>
<RNG><D>1</D><H>10</H></RNG>
<FA>2020-11-20</FA>
<RSAPK><M>w+7r7wgwKW/AzOZSwBJE2H101ZGSacvy2v+YZiCpKojfLpOjl4PERkl+B35usDB9PvkhngHS54zdx3QnXFQj4Q==</M><E>Aw==</E></RSAPK>
<IDK>100</IDK>
</DA>
<FRMA algoritmo="SHA1withRSA">H9dvgQ7zHZd0SCUEeqi8L1bCs3rHTjYOziFvPz2N6Leps/C8QyhIKfn1u4z1He+e22UCjvkeQlTGJworHOIJqg==</FRMA>
</CAF>
<RSASK>-----BEGIN RSA PRIVATE KEY-----
MIIBOgIBAAJBAMPu6+8IMClvwMzmUsASRNh9dNWRkmnL8tr/mGYgqSqI3y6To5eD
xEZJfgd+brAwfT75IZ4B0ueM3cd0J1xUI+ECAQMCQQCCn0f0sCAbn9Xd7uHVYYM6
/k3jtmGb3UyR/7ruwHDHBL9/jaDmJkp+kpiBa2jbzBrd3QIaccXkwaQ9l4631dVj
AiEA4YXnUqyWxWFcut+kVIINj5dBWj+rf2uUaYAYKUTHnBsCIQDeaVffkbOPJxDe
Zbj85HDFWuxENquqpNX96vioA8vHswIhAJZZROHIZIOWPdHqbY2sCQpk1jwqclTy
YvEAEBuDL71nAiEAlEY6lQvNChoLPu57U0L12OdILXnHxxiOqUdQcAKH2ncCIEsL
uKdLEVkWvVjMg5pJStawMJML6aM8aL4Rh0n6kn31
-----END RSA PRIVATE KEY-----
</RSASK>

<RSAPUBK>-----BEGIN PUBLIC KEY-----
MFowDQYJKoZIhvcNAQEBBQADSQAwRgJBAMPu6+8IMClvwMzmUsASRNh9dNWRkmnL
8tr/mGYgqSqI3y6To5eDxEZJfgd+brAwfT75IZ4B0ueM3cd0J1xUI+ECAQM=
-----END PUBLIC KEY-----
</RSAPUBK>
</AUTORIZACION>
