<?xml version="1.0"?>
<AUTORIZACION>
<CAF version="1.0">
<DA>
<RE>77050405-8</RE>
<RS>RECFIN SPA</RS>
<TD>33</TD>
<RNG><D>1</D><H>20</H></RNG>
<FA>2020-11-18</FA>
<RSAPK><M>oSGPjx3KVGM3o4TiKK/SCPNJ2/+sEuLZZLeFMq+i+3UVmKcTaLhjElt86Hd54pi74jmBDEWNzRqau8JVTgKkVw==</M><E>Aw==</E></RSAPK>
<IDK>100</IDK>
</DA>
<FRMA algoritmo="SHA1withRSA">f+uNAIV/R69p7MVQfMzeeze/JcF1oCffazdNU6C4qYF448mvl5MK/bgtREykyhvxHV0ZY2oA0XcCKs7WEyOtUw==</FRMA>
</CAF>
<RSASK>-----BEGIN RSA PRIVATE KEY-----
MIIBOgIBAAJBAKEhj48dylRjN6OE4iiv0gjzSdv/rBLi2WS3hTKvovt1FZinE2i4
YxJbfOh3eeKYu+I5gQxFjc0amrvCVU4CpFcCAQMCQGtrtQoT3DhCJRet7Bsf4VtM
2+f/yAyXO5h6WMx1F1JM/4VCwjtyea+RT0XW0K97RKUQmPSSYbmtXU6gvUXgqlsC
IQDQAYe3gkziJDweji/qfIvkDuGC9BBYuiyRvGjZr36nOwIhAMZPOziNP8pmxWdx
hVZe0/DbvxipWaJ8af0JaF+1sv2VAiEAiquvz6wzQW19abQf8ahdQrSWV01gOybI
YShF5nT/GicCIQCENNIls3/cRIOaS645lI1LPSoQcOZsUvFTW5rqeSH+YwIhAKbj
xQWTFM7UuwuYp3Oe/DIQUxdQInsEPjIhmgSZcKWr
-----END RSA PRIVATE KEY-----
</RSASK>

<RSAPUBK>-----BEGIN PUBLIC KEY-----
MFowDQYJKoZIhvcNAQEBBQADSQAwRgJBAKEhj48dylRjN6OE4iiv0gjzSdv/rBLi
2WS3hTKvovt1FZinE2i4YxJbfOh3eeKYu+I5gQxFjc0amrvCVU4CpFcCAQM=
-----END PUBLIC KEY-----
</RSAPUBK>
</AUTORIZACION>
