<DTE version="1.0">
 <Documento ID="DOC33">
  <Encabezado>
   <IdDoc>
    <TipoDTE>52</TipoDTE>
    <Folio>1</Folio>
    <FchEmis>2020-11-21</FchEmis>
    <IndTraslado/>
   </IdDoc>
   <Emisor>
    <RUTEmisor>77050405-8</RUTEmisor>
    <RznSoc>RECFIN SPA</RznSoc>
    <GiroEmis>SERV FINANCIEROS</GiroEmis>
    <Acteco>661903</Acteco>
    <CdgSIISucur>1</CdgSIISucur>
    <DirOrigen>Nueva Tajamar, 183</DirOrigen>
    <CmnaOrigen>LAS CONDES</CmnaOrigen>
    <CiudadOrigen>SANTIAGO</CiudadOrigen>
   </Emisor>
   <Receptor>
    <RUTRecep>13968481-8</RUTRecep>
    <RznSocRecep>ESTEBAN GUENUL</RznSocRecep>
    <GiroRecep>SERV INFORMATICOS</GiroRecep>
    <DirRecep>URMENETA 30 OFIC 513</DirRecep>
    <CmnaRecep>PUERTO MONTT</CmnaRecep>
    <CiudadRecep>PUERTO MONTT</CiudadRecep>
   </Receptor>
   <Totales>
    <MntNeto>6000000</MntNeto>
    <TasaIVA>19</TasaIVA>
    <IVA>1140000</IVA>
    <MntTotal>7140000</MntTotal>
   </Totales>
  </Encabezado>
  <Detalle>
   <NroLinDet>1</NroLinDet>
   <CdgItem>
    <TpoCodigo>INT</TpoCodigo>
    <VlrCodigo>2</VlrCodigo>
   </CdgItem>
   <NmbItem>PRODUCTO PRUEBA</NmbItem>
   <DscItem>PRODUCTO PRUEBA</DscItem>
   <QtyItem>12</QtyItem>
   <PrcItem>500000</PrcItem>
   <MontoItem>6000000</MontoItem>
  </Detalle>
  <Referencia>
   <NroLinRef>1</NroLinRef>
   <TpoDocRef>801</TpoDocRef>
   <FolioRef>1</FolioRef>
   <FchRef>2020-11-21</FchRef>
   <RazonRef>NO APLICA</RazonRef>
  </Referencia>
 </Documento>
</DTE>
