<DTE version="1.0">
 <Documento ID="DOC33">
  <Encabezado>
   <IdDoc>
    <TipoDTE>61</TipoDTE>
    <Folio>1</Folio>
    <FchEmis>2020-11-05</FchEmis>
   </IdDoc>
   <Emisor>
    <RUTEmisor>76040308-3</RUTEmisor>
    <RznSoc>ESTEBAN GABRIEL GUENUL ALMONACID SERVICIOS INFORMATICOS EMPRESA INDIV</RznSoc>
    <GiroEmis>SERVICIOS INFORMATICOS</GiroEmis>
    <Acteco>620200</Acteco>
    <CdgSIISucur>1</CdgSIISucur>
    <DirOrigen>URMENETA 305 - OFICINA 513</DirOrigen>
    <CmnaOrigen>PUERTO MONTT</CmnaOrigen>
    <CiudadOrigen>PUERTO MONTT</CiudadOrigen>
   </Emisor>
   <Receptor>
    <RUTRecep>77813960-K</RUTRecep>
    <RznSocRecep>AMULEN CONSULTORES LTDA</RznSocRecep>
    <GiroRecep>ASESORIA TRIBUTARIA</GiroRecep>
    <DirRecep>URMENETA 305 OFIC 513</DirRecep>
    <CmnaRecep>PUERTO MONTT</CmnaRecep>
    <CiudadRecep>PUERTO MONTT</CiudadRecep>
   </Receptor>
   <Totales>
    <MntNeto>10572</MntNeto>
    <TasaIVA>19</TasaIVA>
    <IVA>2009</IVA>
    <MntTotal>12581</MntTotal>
   </Totales>
  </Encabezado>
  <Detalle>
   <NroLinDet>1</NroLinDet>
   <CdgItem>
    <TpoCodigo>INT</TpoCodigo>
    <VlrCodigo>6</VlrCodigo>
   </CdgItem>
   <NmbItem>Relleno afecto</NmbItem>
   <DscItem>Relleno afecto</DscItem>
   <QtyItem>12</QtyItem>
   <PrcItem>881</PrcItem>
   <MontoItem>10572</MontoItem>
  </Detalle>
  <Referencia>
   <NroLinRef>1</NroLinRef>
   <TpoDocRef>801</TpoDocRef>
   <FolioRef>1</FolioRef>
   <FchRef>2020-11-05</FchRef>
   <CodRef>1</CodRef>
   <RazonRef>no aplica</RazonRef>
  </Referencia>
 <TED version="1.0">
   <DD>
    <RE>76040308-3</RE>
    <TD>61</TD>
    <F>1</F>
    <FE>2020-11-05</FE>
    <RR>77813960-K</RR>
    <RSR>AMULEN CONSULTORES LTDA</RSR>
    <MNT>12581</MNT>
    <IT1>Relleno afecto</IT1>
    <CAF version="1.0">
     <DA>
      <RE>76040308-3</RE>
      <RS>ESTEBAN GABRIEL GUENUL  ALMONACID SERVIC</RS>
      <TD>61</TD>
      <RNG>
       <D>199</D>
       <H>199</H>
      </RNG>
      <FA>2018-08-17</FA>
      <RSAPK>
       <M>3F2bo6jH8ZPKlvGoBQy2L8DUffcaU56i11cRZ82ae+JngUEF5HwSHtys3NfhOQI7aGakmq+aXQ/dIuUnVD9BLQ==</M>
       <E>Aw==</E>
      </RSAPK>
      <IDK>100</IDK>
     </DA>
     <FRMA algoritmo="SHA1withRSA">bfE9Bj/FrXMCnwb8dPuwfwh/M20yCghd6U2dWs8YvDp2QRJ4oP6fJNVzqufO/nP6uwQ0KCmNZn/MStHIgK26xg==</FRMA>
    </CAF>
    <TSTED>2020-11-05T14:08:16</TSTED>
   </DD>
   <FRMT algoritmo="SHA1withRSA">soqFqJdX2pH6TzRTCQedmL6rkgsf/1s5xYa+4dj3XiuVBRTqQeHhBn61yJqoR76KdOWPkR8FjiKv8nfoRaKPeg==</FRMT>
  </TED>
  <TmstFirma>2020-11-05T14:08:16</TmstFirma>
 </Documento>
</DTE>
